nct_id_i,nct_id_j,similarity
NCT03059992,NCT03059992,1.0000000000000007
NCT03059992,NCT03257033,0.6488274474797222
NCT03059992,NCT03363841,0.7404068624580508
NCT03059992,NCT03417102,0.6327590470372504
NCT03059992,NCT03425279,0.6958658632603424
NCT03059992,NCT03464019,0.5776615260416587
NCT03059992,NCT03504488,0.6441314312909311
NCT03059992,NCT04003467,0.5780117452482393
NCT03059992,NCT04153149,0.7341396221493248
NCT03059992,NCT04163185,0.6808672348774322
NCT03059992,NCT04180488,0.7736983133314935
NCT03059992,NCT04524273,0.7654154339539154
NCT03059992,NCT04544293,0.5948093902132617
NCT03059992,NCT05059223,0.7346386837146703
NCT03059992,NCT05085366,0.692205914969108
NCT03059992,NCT05109091,0.5721013015895611
NCT03059992,NCT05208944,0.5721822844298126
NCT03059992,NCT05291091,0.6387917754472001
NCT03059992,NCT05357950,0.74200874161857
NCT03059992,NCT05481879,0.7100959121530023
NCT03059992,NCT05693142,0.6741353824905427
NCT03059992,NCT05696717,0.6250725767121245
NCT03059992,NCT05731544,0.6367961882255424
NCT03059992,NCT06079736,0.7120089246199611
NCT03059992,NCT06185673,0.6026413113374759
NCT03059992,NCT06204809,0.6444449512979149
NCT03059992,NCT06255782,0.6388918242860597
NCT03059992,NCT06377930,0.6501965251505254
NCT03059992,NCT06601192,0.6139992378334496
NCT03059992,NCT06663137,0.7539290754994001
NCT03059992,NCT06736509,0.7306297088890062
NCT03059992,NCT05579249,0.5749519756170604
NCT03059992,NCT06034275,0.5668913830816631
NCT03059992,NCT05065411,0.58546677983568
NCT03059992,NCT05424276,0.678528172563731
NCT03059992,NCT04887298,0.6694300081819989
NCT03059992,NCT04073498,0.6770630126547516
NCT03059992,NCT03959527,0.8317082003759341
NCT03059992,NCT04469595,0.7269513517592097
NCT03059992,NCT04370054,0.5966536871520549
NCT03257033,NCT03059992,0.6488274474797222
NCT03257033,NCT03257033,1.0000000000000002
NCT03257033,NCT03363841,0.6990298194506628
NCT03257033,NCT03417102,0.6815192765313348
NCT03257033,NCT03425279,0.9266690432585025
NCT03257033,NCT03464019,0.7062899424431642
NCT03257033,NCT03504488,0.9357751883512194
NCT03257033,NCT04003467,0.5559822984137004
NCT03257033,NCT04153149,0.6641225817838929
NCT03257033,NCT04163185,0.7254697132568602
NCT03257033,NCT04180488,0.8015365008313161
NCT03257033,NCT04524273,0.7542854055777675
NCT03257033,NCT04544293,0.59741132615494
NCT03257033,NCT05059223,0.7196895731303876
NCT03257033,NCT05085366,0.7788126909087112
NCT03257033,NCT05109091,0.7593883018818941
NCT03257033,NCT05208944,0.7243826685642045
NCT03257033,NCT05291091,0.6995228027691659
NCT03257033,NCT05357950,0.6618720819833992
NCT03257033,NCT05481879,0.6820728942587401
NCT03257033,NCT05693142,0.6096322662411746
NCT03257033,NCT05696717,0.6889578547966596
NCT03257033,NCT05731544,0.6876382052899912
NCT03257033,NCT06079736,0.5785670211879178
NCT03257033,NCT06185673,0.39171757640332144
NCT03257033,NCT06204809,0.6064474758740519
NCT03257033,NCT06255782,0.6824975852746057
NCT03257033,NCT06377930,0.6740938309018969
NCT03257033,NCT06601192,0.6473439510895285
NCT03257033,NCT06663137,0.7574995451495838
NCT03257033,NCT06736509,0.7009861989163698
NCT03257033,NCT05579249,0.6047708264812897
NCT03257033,NCT06034275,0.8404013672307705
NCT03257033,NCT05065411,0.8549848320160404
NCT03257033,NCT05424276,0.6095268937459956
NCT03257033,NCT04887298,0.6585513105482516
NCT03257033,NCT04073498,0.65855735708412
NCT03257033,NCT03959527,0.7375662342920803
NCT03257033,NCT04469595,0.691955649498731
NCT03257033,NCT04370054,0.7719608285819515
NCT03363841,NCT03059992,0.7404068624580508
NCT03363841,NCT03257033,0.6990298194506628
NCT03363841,NCT03363841,1.0000000000000004
NCT03363841,NCT03417102,0.6780648773383939
NCT03363841,NCT03425279,0.7353579878626518
NCT03363841,NCT03464019,0.8073305341814525
NCT03363841,NCT03504488,0.7829610239907336
NCT03363841,NCT04003467,0.6205341402417675
NCT03363841,NCT04153149,0.817966327385145
NCT03363841,NCT04163185,0.8564003400691796
NCT03363841,NCT04180488,0.8778951749768701
NCT03363841,NCT04524273,0.8533395790451642
NCT03363841,NCT04544293,0.6564037410301162
NCT03363841,NCT05059223,0.8819628261104786
NCT03363841,NCT05085366,0.8912863950819601
NCT03363841,NCT05109091,0.7992539769697482
NCT03363841,NCT05208944,0.6033769108543797
NCT03363841,NCT05291091,0.8456278256000568
NCT03363841,NCT05357950,0.7542623551313031
NCT03363841,NCT05481879,0.7196086702632156
NCT03363841,NCT05693142,0.666517366042874
NCT03363841,NCT05696717,0.8201727424889985
NCT03363841,NCT05731544,0.8194232098308211
NCT03363841,NCT06079736,0.6573739658353052
NCT03363841,NCT06185673,0.4749552368205155
NCT03363841,NCT06204809,0.7736335453107772
NCT03363841,NCT06255782,0.6680836798310293
NCT03363841,NCT06377930,0.7295134272408864
NCT03363841,NCT06601192,0.7735836927494232
NCT03363841,NCT06663137,0.7393245258834916
NCT03363841,NCT06736509,0.9121218852836469
NCT03363841,NCT05579249,0.6150348869542359
NCT03363841,NCT06034275,0.6840327892134541
NCT03363841,NCT05065411,0.639607404306234
NCT03363841,NCT05424276,0.746907306319593
NCT03363841,NCT04887298,0.6807732923662667
NCT03363841,NCT04073498,0.6832379730717208
NCT03363841,NCT03959527,0.7523080085536273
NCT03363841,NCT04469595,0.8365037150138206
NCT03363841,NCT04370054,0.765179961445149
NCT03417102,NCT03059992,0.6327590470372504
NCT03417102,NCT03257033,0.6815192765313348
NCT03417102,NCT03363841,0.6780648773383939
NCT03417102,NCT03417102,1.0000000000000002
NCT03417102,NCT03425279,0.6949655574850829
NCT03417102,NCT03464019,0.6525723946672967
NCT03417102,NCT03504488,0.7003755056295567
NCT03417102,NCT04003467,0.6286884012537628
NCT03417102,NCT04153149,0.7108318020482042
NCT03417102,NCT04163185,0.6879500966506574
NCT03417102,NCT04180488,0.7636370942638392
NCT03417102,NCT04524273,0.644514631319424
NCT03417102,NCT04544293,0.5701324795528504
NCT03417102,NCT05059223,0.6370145286947211
NCT03417102,NCT05085366,0.6383461723428193
NCT03417102,NCT05109091,0.673764120194238
NCT03417102,NCT05208944,0.8219549182934326
NCT03417102,NCT05291091,0.6723546357823534
NCT03417102,NCT05357950,0.7788927726836589
NCT03417102,NCT05481879,0.7010005717314639
NCT03417102,NCT05693142,0.6478523373846642
NCT03417102,NCT05696717,0.6146248760716692
NCT03417102,NCT05731544,0.6395004168301552
NCT03417102,NCT06079736,0.7282124888394226
NCT03417102,NCT06185673,0.5674767112856813
NCT03417102,NCT06204809,0.6245001461765347
NCT03417102,NCT06255782,0.8240029647695422
NCT03417102,NCT06377930,0.7469310847241226
NCT03417102,NCT06601192,0.6604062539198037
NCT03417102,NCT06663137,0.7660435644982457
NCT03417102,NCT06736509,0.6253098442439876
NCT03417102,NCT05579249,0.6636488542203358
NCT03417102,NCT06034275,0.6385146442943348
NCT03417102,NCT05065411,0.6973085013359733
NCT03417102,NCT05424276,0.6388649500806786
NCT03417102,NCT04887298,0.5549957141231423
NCT03417102,NCT04073498,0.8524342781256204
NCT03417102,NCT03959527,0.7202699460884353
NCT03417102,NCT04469595,0.707535067943238
NCT03417102,NCT04370054,0.7942734045863787
NCT03425279,NCT03059992,0.6958658632603424
NCT03425279,NCT03257033,0.9266690432585025
NCT03425279,NCT03363841,0.7353579878626518
NCT03425279,NCT03417102,0.6949655574850829
NCT03425279,NCT03425279,1.0
NCT03425279,NCT03464019,0.7356114012417192
NCT03425279,NCT03504488,0.9439049752261734
NCT03425279,NCT04003467,0.6651153893082953
NCT03425279,NCT04153149,0.763664562956201
NCT03425279,NCT04163185,0.7575092926120333
NCT03425279,NCT04180488,0.8344961389664136
NCT03425279,NCT04524273,0.8182979397062782
NCT03425279,NCT04544293,0.640650621705903
NCT03425279,NCT05059223,0.7619588145086372
NCT03425279,NCT05085366,0.7974470223999046
NCT03425279,NCT05109091,0.7911329330119089
NCT03425279,NCT05208944,0.7820373087001523
NCT03425279,NCT05291091,0.7602964994161727
NCT03425279,NCT05357950,0.7880556368595897
NCT03425279,NCT05481879,0.7725441034262773
NCT03425279,NCT05693142,0.6860270889278582
NCT03425279,NCT05696717,0.6998746795842192
NCT03425279,NCT05731544,0.7708537371389611
NCT03425279,NCT06079736,0.7338550583716191
NCT03425279,NCT06185673,0.41921570994384916
NCT03425279,NCT06204809,0.7217176271184769
NCT03425279,NCT06255782,0.7428159491037271
NCT03425279,NCT06377930,0.7078294856929942
NCT03425279,NCT06601192,0.6924292953213651
NCT03425279,NCT06663137,0.865391289303092
NCT03425279,NCT06736509,0.7457024076952294
NCT03425279,NCT05579249,0.6639390967414555
NCT03425279,NCT06034275,0.8582417734211331
NCT03425279,NCT05065411,0.8943548307004602
NCT03425279,NCT05424276,0.6876019807395548
NCT03425279,NCT04887298,0.6765823193969966
NCT03425279,NCT04073498,0.7065664513403985
NCT03425279,NCT03959527,0.737534138495149
NCT03425279,NCT04469595,0.7344771366850537
NCT03425279,NCT04370054,0.7437052572099568
NCT03464019,NCT03059992,0.5776615260416587
NCT03464019,NCT03257033,0.7062899424431642
NCT03464019,NCT03363841,0.8073305341814525
NCT03464019,NCT03417102,0.6525723946672967
NCT03464019,NCT03425279,0.7356114012417192
NCT03464019,NCT03464019,1.0000000000000009
NCT03464019,NCT03504488,0.7883303753520532
NCT03464019,NCT04003467,0.5679823647808083
NCT03464019,NCT04153149,0.854698197433521
NCT03464019,NCT04163185,0.8077913624564608
NCT03464019,NCT04180488,0.8192026421576648
NCT03464019,NCT04524273,0.7878936364309927
NCT03464019,NCT04544293,0.7334979117794674
NCT03464019,NCT05059223,0.818797118540138
NCT03464019,NCT05085366,0.9080418765832298
NCT03464019,NCT05109091,0.8723322719247995
NCT03464019,NCT05208944,0.6041049979022812
NCT03464019,NCT05291091,0.9347752199723172
NCT03464019,NCT05357950,0.6753845687949516
NCT03464019,NCT05481879,0.7056341917812464
NCT03464019,NCT05693142,0.7096097431984144
NCT03464019,NCT05696717,0.9275582321581222
NCT03464019,NCT05731544,0.7902596159473081
NCT03464019,NCT06079736,0.6280382810739538
NCT03464019,NCT06185673,0.3880020640647345
NCT03464019,NCT06204809,0.742777570328316
NCT03464019,NCT06255782,0.6792720591745581
NCT03464019,NCT06377930,0.6960529071609175
NCT03464019,NCT06601192,0.745106034972053
NCT03464019,NCT06663137,0.680469195147308
NCT03464019,NCT06736509,0.7526559261307402
NCT03464019,NCT05579249,0.6185858915462785
NCT03464019,NCT06034275,0.5829403273916328
NCT03464019,NCT05065411,0.6690455066352486
NCT03464019,NCT05424276,0.7042958760263989
NCT03464019,NCT04887298,0.5547479186667608
NCT03464019,NCT04073498,0.6166959076966353
NCT03464019,NCT03959527,0.5989882960155096
NCT03464019,NCT04469595,0.7624052319965064
NCT03464019,NCT04370054,0.8551934486246249
NCT03504488,NCT03059992,0.6441314312909311
NCT03504488,NCT03257033,0.9357751883512194
NCT03504488,NCT03363841,0.7829610239907336
NCT03504488,NCT03417102,0.7003755056295567
NCT03504488,NCT03425279,0.9439049752261734
NCT03504488,NCT03464019,0.7883303753520532
NCT03504488,NCT03504488,1.0000000000000002
NCT03504488,NCT04003467,0.6258035472342806
NCT03504488,NCT04153149,0.7146304716333797
NCT03504488,NCT04163185,0.7633368581046623
NCT03504488,NCT04180488,0.8805919377600087
NCT03504488,NCT04524273,0.7874491482698716
NCT03504488,NCT04544293,0.6518277646248742
NCT03504488,NCT05059223,0.7560258832490435
NCT03504488,NCT05085366,0.838804875344025
NCT03504488,NCT05109091,0.8413081175213251
NCT03504488,NCT05208944,0.7494920114253145
NCT03504488,NCT05291091,0.8088744698709622
NCT03504488,NCT05357950,0.7250378201547246
NCT03504488,NCT05481879,0.7366419187072714
NCT03504488,NCT05693142,0.6317421782482858
NCT03504488,NCT05696717,0.7647351119394216
NCT03504488,NCT05731544,0.7819141161972413
NCT03504488,NCT06079736,0.6500215837335146
NCT03504488,NCT06185673,0.3568657929588774
NCT03504488,NCT06204809,0.6527499692663749
NCT03504488,NCT06255782,0.7385798098437137
NCT03504488,NCT06377930,0.7120634596248687
NCT03504488,NCT06601192,0.6758242667196404
NCT03504488,NCT06663137,0.7952756154471263
NCT03504488,NCT06736509,0.7344463729305245
NCT03504488,NCT05579249,0.6312936601377942
NCT03504488,NCT06034275,0.8536715089746428
NCT03504488,NCT05065411,0.8539012319141109
NCT03504488,NCT05424276,0.6705786272646138
NCT03504488,NCT04887298,0.5698127723906742
NCT03504488,NCT04073498,0.6650582296793235
NCT03504488,NCT03959527,0.6917302151938302
NCT03504488,NCT04469595,0.7597878708530734
NCT03504488,NCT04370054,0.8189829216151427
NCT04003467,NCT03059992,0.5780117452482393
NCT04003467,NCT03257033,0.5559822984137004
NCT04003467,NCT03363841,0.6205341402417675
NCT04003467,NCT03417102,0.6286884012537628
NCT04003467,NCT03425279,0.6651153893082953
NCT04003467,NCT03464019,0.5679823647808083
NCT04003467,NCT03504488,0.6258035472342806
NCT04003467,NCT04003467,1.000000000000001
NCT04003467,NCT04153149,0.6077153553689786
NCT04003467,NCT04163185,0.6220833957823946
NCT04003467,NCT04180488,0.756803723829736
NCT04003467,NCT04524273,0.5980687166354037
NCT04003467,NCT04544293,0.6609847079148974
NCT04003467,NCT05059223,0.582319365943567
NCT04003467,NCT05085366,0.561353143656408
NCT04003467,NCT05109091,0.6444010664682431
NCT04003467,NCT05208944,0.5776156777067822
NCT04003467,NCT05291091,0.6681341677329415
NCT04003467,NCT05357950,0.8203262456027648
NCT04003467,NCT05481879,0.6785608913141031
NCT04003467,NCT05693142,0.6399267485181716
NCT04003467,NCT05696717,0.6313093835824567
NCT04003467,NCT05731544,0.6874100492453258
NCT04003467,NCT06079736,0.7576653128629869
NCT04003467,NCT06185673,0.5515569931654363
NCT04003467,NCT06204809,0.5967692917273547
NCT04003467,NCT06255782,0.6072378982904643
NCT04003467,NCT06377930,0.5860230697154472
NCT04003467,NCT06601192,0.6212376239284992
NCT04003467,NCT06663137,0.7209050542419664
NCT04003467,NCT06736509,0.590247461147148
NCT04003467,NCT05579249,0.7133073618143837
NCT04003467,NCT06034275,0.5348100753807188
NCT04003467,NCT05065411,0.6402384651289572
NCT04003467,NCT05424276,0.6880871391061736
NCT04003467,NCT04887298,0.5097701715123752
NCT04003467,NCT04073498,0.6332352176011086
NCT04003467,NCT03959527,0.6186574350890879
NCT04003467,NCT04469595,0.6872301980892174
NCT04003467,NCT04370054,0.6065594326937572
NCT04153149,NCT03059992,0.7341396221493248
NCT04153149,NCT03257033,0.6641225817838929
NCT04153149,NCT03363841,0.817966327385145
NCT04153149,NCT03417102,0.7108318020482042
NCT04153149,NCT03425279,0.763664562956201
NCT04153149,NCT03464019,0.854698197433521
NCT04153149,NCT03504488,0.7146304716333797
NCT04153149,NCT04003467,0.6077153553689786
NCT04153149,NCT04153149,1.0000000000000007
NCT04153149,NCT04163185,0.7897472104872112
NCT04153149,NCT04180488,0.8136887012259689
NCT04153149,NCT04524273,0.8455257866510371
NCT04153149,NCT04544293,0.7454550081325328
NCT04153149,NCT05059223,0.8574311938383917
NCT04153149,NCT05085366,0.8582425782947202
NCT04153149,NCT05109091,0.7754495025836251
NCT04153149,NCT05208944,0.6804955858257163
NCT04153149,NCT05291091,0.8817326644039541
NCT04153149,NCT05357950,0.7996886891352436
NCT04153149,NCT05481879,0.7299056404648211
NCT04153149,NCT05693142,0.7838480638097531
NCT04153149,NCT05696717,0.7748623248130074
NCT04153149,NCT05731544,0.8257656057955648
NCT04153149,NCT06079736,0.780427358883981
NCT04153149,NCT06185673,0.5072847949183734
NCT04153149,NCT06204809,0.8253638111191457
NCT04153149,NCT06255782,0.724779513741765
NCT04153149,NCT06377930,0.6972684044647534
NCT04153149,NCT06601192,0.7448048746212437
NCT04153149,NCT06663137,0.7937329600854476
NCT04153149,NCT06736509,0.8012317316949554
NCT04153149,NCT05579249,0.7135474269621257
NCT04153149,NCT06034275,0.5950284552119587
NCT04153149,NCT05065411,0.6493939796192785
NCT04153149,NCT05424276,0.7263187758083732
NCT04153149,NCT04887298,0.7252873609122693
NCT04153149,NCT04073498,0.7497496341993648
NCT04153149,NCT03959527,0.7226439269648118
NCT04153149,NCT04469595,0.8047932981055622
NCT04153149,NCT04370054,0.7625942406534624
NCT04163185,NCT03059992,0.6808672348774322
NCT04163185,NCT03257033,0.7254697132568602
NCT04163185,NCT03363841,0.8564003400691796
NCT04163185,NCT03417102,0.6879500966506574
NCT04163185,NCT03425279,0.7575092926120333
NCT04163185,NCT03464019,0.8077913624564608
NCT04163185,NCT03504488,0.7633368581046623
NCT04163185,NCT04003467,0.6220833957823946
NCT04163185,NCT04153149,0.7897472104872112
NCT04163185,NCT04163185,1.0000000000000004
NCT04163185,NCT04180488,0.8658987316987788
NCT04163185,NCT04524273,0.8096801965170236
NCT04163185,NCT04544293,0.618789819318379
NCT04163185,NCT05059223,0.9145598121724481
NCT04163185,NCT05085366,0.8366635481781292
NCT04163185,NCT05109091,0.8194844157031539
NCT04163185,NCT05208944,0.6023688711213153
NCT04163185,NCT05291091,0.802625603916986
NCT04163185,NCT05357950,0.7282055385861236
NCT04163185,NCT05481879,0.750866231852888
NCT04163185,NCT05693142,0.681690968919333
NCT04163185,NCT05696717,0.8503897231966472
NCT04163185,NCT05731544,0.7483794368136706
NCT04163185,NCT06079736,0.6631764180592005
NCT04163185,NCT06185673,0.5358955524131646
NCT04163185,NCT06204809,0.7519852773340043
NCT04163185,NCT06255782,0.6490692690400554
NCT04163185,NCT06377930,0.8028175156649852
NCT04163185,NCT06601192,0.7587963755939832
NCT04163185,NCT06663137,0.689847478138814
NCT04163185,NCT06736509,0.8760634487394187
NCT04163185,NCT05579249,0.6248455862537431
NCT04163185,NCT06034275,0.6883736482639538
NCT04163185,NCT05065411,0.6769840919735005
NCT04163185,NCT05424276,0.7758603901662672
NCT04163185,NCT04887298,0.6219651226557866
NCT04163185,NCT04073498,0.625444612744022
NCT04163185,NCT03959527,0.7320778815618995
NCT04163185,NCT04469595,0.8477175124648557
NCT04163185,NCT04370054,0.7604828169753357
NCT04180488,NCT03059992,0.7736983133314935
NCT04180488,NCT03257033,0.8015365008313161
NCT04180488,NCT03363841,0.8778951749768701
NCT04180488,NCT03417102,0.7636370942638392
NCT04180488,NCT03425279,0.8344961389664136
NCT04180488,NCT03464019,0.8192026421576648
NCT04180488,NCT03504488,0.8805919377600087
NCT04180488,NCT04003467,0.756803723829736
NCT04180488,NCT04153149,0.8136887012259689
NCT04180488,NCT04163185,0.8658987316987788
NCT04180488,NCT04180488,0.9999999999999999
NCT04180488,NCT04524273,0.8528850693399794
NCT04180488,NCT04544293,0.7538075387886061
NCT04180488,NCT05059223,0.8567644221074602
NCT04180488,NCT05085366,0.8913470642923368
NCT04180488,NCT05109091,0.8612785065434382
NCT04180488,NCT05208944,0.6941416809507059
NCT04180488,NCT05291091,0.8863303214514633
NCT04180488,NCT05357950,0.833387274937491
NCT04180488,NCT05481879,0.8043795605963038
NCT04180488,NCT05693142,0.7700715034344503
NCT04180488,NCT05696717,0.856577984349122
NCT04180488,NCT05731544,0.8267867505081615
NCT04180488,NCT06079736,0.7794524729668707
NCT04180488,NCT06185673,0.562851951859446
NCT04180488,NCT06204809,0.7366668944382825
NCT04180488,NCT06255782,0.7374696581060969
NCT04180488,NCT06377930,0.7865263141542082
NCT04180488,NCT06601192,0.7710822213046822
NCT04180488,NCT06663137,0.8027728212019873
NCT04180488,NCT06736509,0.8459959311034809
NCT04180488,NCT05579249,0.7467487843609785
NCT04180488,NCT06034275,0.7741956911753143
NCT04180488,NCT05065411,0.7419252909845169
NCT04180488,NCT05424276,0.8154213692107699
NCT04180488,NCT04887298,0.6476378615933378
NCT04180488,NCT04073498,0.7298600912723565
NCT04180488,NCT03959527,0.7849653100342786
NCT04180488,NCT04469595,0.8921075540297942
NCT04180488,NCT04370054,0.8732329888414283
NCT04524273,NCT03059992,0.7654154339539154
NCT04524273,NCT03257033,0.7542854055777675
NCT04524273,NCT03363841,0.8533395790451642
NCT04524273,NCT03417102,0.644514631319424
NCT04524273,NCT03425279,0.8182979397062782
NCT04524273,NCT03464019,0.7878936364309927
NCT04524273,NCT03504488,0.7874491482698716
NCT04524273,NCT04003467,0.5980687166354037
NCT04524273,NCT04153149,0.8455257866510371
NCT04524273,NCT04163185,0.8096801965170236
NCT04524273,NCT04180488,0.8528850693399794
NCT04524273,NCT04524273,1.0000000000000004
NCT04524273,NCT04544293,0.6817359371355629
NCT04524273,NCT05059223,0.8884042688967434
NCT04524273,NCT05085366,0.9247462617300874
NCT04524273,NCT05109091,0.7777640311580676
NCT04524273,NCT05208944,0.5948477432650824
NCT04524273,NCT05291091,0.8117995276689141
NCT04524273,NCT05357950,0.7338303063819186
NCT04524273,NCT05481879,0.7271492144789894
NCT04524273,NCT05693142,0.7399476649426671
NCT04524273,NCT05696717,0.7876342671282178
NCT04524273,NCT05731544,0.8070641173600155
NCT04524273,NCT06079736,0.6569462551377344
NCT04524273,NCT06185673,0.49560746693377594
NCT04524273,NCT06204809,0.7501157845507291
NCT04524273,NCT06255782,0.6519019938278272
NCT04524273,NCT06377930,0.6917898211962997
NCT04524273,NCT06601192,0.6963064080742648
NCT04524273,NCT06663137,0.7581202013211328
NCT04524273,NCT06736509,0.8800982433801945
NCT04524273,NCT05579249,0.6908606204525255
NCT04524273,NCT06034275,0.6941419123757167
NCT04524273,NCT05065411,0.725568418909342
NCT04524273,NCT05424276,0.6980875947232978
NCT04524273,NCT04887298,0.7479094594404138
NCT04524273,NCT04073498,0.697139211232373
NCT04524273,NCT03959527,0.7800023190304574
NCT04524273,NCT04469595,0.7719758507580499
NCT04524273,NCT04370054,0.7688428046096921
NCT04544293,NCT03059992,0.5948093902132617
NCT04544293,NCT03257033,0.59741132615494
NCT04544293,NCT03363841,0.6564037410301162
NCT04544293,NCT03417102,0.5701324795528504
NCT04544293,NCT03425279,0.640650621705903
NCT04544293,NCT03464019,0.7334979117794674
NCT04544293,NCT03504488,0.6518277646248742
NCT04544293,NCT04003467,0.6609847079148974
NCT04544293,NCT04153149,0.7454550081325328
NCT04544293,NCT04163185,0.618789819318379
NCT04544293,NCT04180488,0.7538075387886061
NCT04544293,NCT04524273,0.6817359371355629
NCT04544293,NCT04544293,1.0000000000000009
NCT04544293,NCT05059223,0.6340961076715013
NCT04544293,NCT05085366,0.7475430174268346
NCT04544293,NCT05109091,0.688667276725549
NCT04544293,NCT05208944,0.577061719376814
NCT04544293,NCT05291091,0.8111191189311729
NCT04544293,NCT05357950,0.7407054759437002
NCT04544293,NCT05481879,0.6973194671000102
NCT04544293,NCT05693142,0.8094839385287033
NCT04544293,NCT05696717,0.6741790028602156
NCT04544293,NCT05731544,0.7796324019908717
NCT04544293,NCT06079736,0.6679772882343559
NCT04544293,NCT06185673,0.5670322283179385
NCT04544293,NCT06204809,0.6562763180121458
NCT04544293,NCT06255782,0.6043139648897067
NCT04544293,NCT06377930,0.5018372705010254
NCT04544293,NCT06601192,0.6175774916979431
NCT04544293,NCT06663137,0.6181910764730483
NCT04544293,NCT06736509,0.6441180329201532
NCT04544293,NCT05579249,0.8795758319071942
NCT04544293,NCT06034275,0.5494684938692707
NCT04544293,NCT05065411,0.5395320705795515
NCT04544293,NCT05424276,0.7017757370270915
NCT04544293,NCT04887298,0.5993349880138462
NCT04544293,NCT04073498,0.5867432652497238
NCT04544293,NCT03959527,0.6202624166071125
NCT04544293,NCT04469595,0.687957871372391
NCT04544293,NCT04370054,0.7417295372908856
NCT05059223,NCT03059992,0.7346386837146703
NCT05059223,NCT03257033,0.7196895731303876
NCT05059223,NCT03363841,0.8819628261104786
NCT05059223,NCT03417102,0.6370145286947211
NCT05059223,NCT03425279,0.7619588145086372
NCT05059223,NCT03464019,0.818797118540138
NCT05059223,NCT03504488,0.7560258832490435
NCT05059223,NCT04003467,0.582319365943567
NCT05059223,NCT04153149,0.8574311938383917
NCT05059223,NCT04163185,0.9145598121724481
NCT05059223,NCT04180488,0.8567644221074602
NCT05059223,NCT04524273,0.8884042688967434
NCT05059223,NCT04544293,0.6340961076715013
NCT05059223,NCT05059223,1.0000000000000009
NCT05059223,NCT05085366,0.8891547258847946
NCT05059223,NCT05109091,0.8118815769982706
NCT05059223,NCT05208944,0.5533449337614033
NCT05059223,NCT05291091,0.8372306589198343
NCT05059223,NCT05357950,0.7342949529470467
NCT05059223,NCT05481879,0.726862671849887
NCT05059223,NCT05693142,0.7019817751894243
NCT05059223,NCT05696717,0.8477537951656591
NCT05059223,NCT05731544,0.7917713001546941
NCT05059223,NCT06079736,0.6628405020413588
NCT05059223,NCT06185673,0.4991831052001749
NCT05059223,NCT06204809,0.7735925956765854
NCT05059223,NCT06255782,0.6948187209418288
NCT05059223,NCT06377930,0.7940448571896397
NCT05059223,NCT06601192,0.7210643105934045
NCT05059223,NCT06663137,0.7004974297961868
NCT05059223,NCT06736509,0.9223655687824792
NCT05059223,NCT05579249,0.6378210611759662
NCT05059223,NCT06034275,0.6466634273034961
NCT05059223,NCT05065411,0.6638252809131314
NCT05059223,NCT05424276,0.7394496379998141
NCT05059223,NCT04887298,0.6816366852266665
NCT05059223,NCT04073498,0.6660215111697506
NCT05059223,NCT03959527,0.7796106937382032
NCT05059223,NCT04469595,0.8393871225840737
NCT05059223,NCT04370054,0.7706814507979038
NCT05085366,NCT03059992,0.692205914969108
NCT05085366,NCT03257033,0.7788126909087112
NCT05085366,NCT03363841,0.8912863950819601
NCT05085366,NCT03417102,0.6383461723428193
NCT05085366,NCT03425279,0.7974470223999046
NCT05085366,NCT03464019,0.9080418765832298
NCT05085366,NCT03504488,0.838804875344025
NCT05085366,NCT04003467,0.561353143656408
NCT05085366,NCT04153149,0.8582425782947202
NCT05085366,NCT04163185,0.8366635481781292
NCT05085366,NCT04180488,0.8913470642923368
NCT05085366,NCT04524273,0.9247462617300874
NCT05085366,NCT04544293,0.7475430174268346
NCT05085366,NCT05059223,0.8891547258847946
NCT05085366,NCT05085366,1.0000000000000004
NCT05085366,NCT05109091,0.8866800230322262
NCT05085366,NCT05208944,0.5819015238856282
NCT05085366,NCT05291091,0.9190839513809335
NCT05085366,NCT05357950,0.7038534412583404
NCT05085366,NCT05481879,0.7294631201836972
NCT05085366,NCT05693142,0.7505374939307022
NCT05085366,NCT05696717,0.897028069492286
NCT05085366,NCT05731544,0.8349383178065664
NCT05085366,NCT06079736,0.6482528890847147
NCT05085366,NCT06185673,0.4642472004111228
NCT05085366,NCT06204809,0.7762600844531303
NCT05085366,NCT06255782,0.675292679634257
NCT05085366,NCT06377930,0.726086080947634
NCT05085366,NCT06601192,0.737121860476654
NCT05085366,NCT06663137,0.716976766684902
NCT05085366,NCT06736509,0.8760972466405066
NCT05085366,NCT05579249,0.695628750017441
NCT05085366,NCT06034275,0.7003493144419815
NCT05085366,NCT05065411,0.6831166417837892
NCT05085366,NCT05424276,0.7582700008455384
NCT05085366,NCT04887298,0.6869869369125734
NCT05085366,NCT04073498,0.6476998512063626
NCT05085366,NCT03959527,0.7172101729919047
NCT05085366,NCT04469595,0.8131185311077163
NCT05085366,NCT04370054,0.8689673829333058
NCT05109091,NCT03059992,0.5721013015895611
NCT05109091,NCT03257033,0.7593883018818941
NCT05109091,NCT03363841,0.7992539769697482
NCT05109091,NCT03417102,0.673764120194238
NCT05109091,NCT03425279,0.7911329330119089
NCT05109091,NCT03464019,0.8723322719247995
NCT05109091,NCT03504488,0.8413081175213251
NCT05109091,NCT04003467,0.6444010664682431
NCT05109091,NCT04153149,0.7754495025836251
NCT05109091,NCT04163185,0.8194844157031539
NCT05109091,NCT04180488,0.8612785065434382
NCT05109091,NCT04524273,0.7777640311580676
NCT05109091,NCT04544293,0.688667276725549
NCT05109091,NCT05059223,0.8118815769982706
NCT05109091,NCT05085366,0.8866800230322262
NCT05109091,NCT05109091,1.0000000000000002
NCT05109091,NCT05208944,0.6646589539609954
NCT05109091,NCT05291091,0.9005031985142637
NCT05109091,NCT05357950,0.7086917176911087
NCT05109091,NCT05481879,0.733352835169844
NCT05109091,NCT05693142,0.7447610550583785
NCT05109091,NCT05696717,0.8916702045655095
NCT05109091,NCT05731544,0.8335677340823754
NCT05109091,NCT06079736,0.6981949949507551
NCT05109091,NCT06185673,0.4444764577237304
NCT05109091,NCT06204809,0.7763313591696932
NCT05109091,NCT06255782,0.7830047593704627
NCT05109091,NCT06377930,0.8041903741502653
NCT05109091,NCT06601192,0.7281499108663216
NCT05109091,NCT06663137,0.7334972076045461
NCT05109091,NCT06736509,0.771582902130768
NCT05109091,NCT05579249,0.6762199819115058
NCT05109091,NCT06034275,0.6896516292077405
NCT05109091,NCT05065411,0.6680554006133922
NCT05109091,NCT05424276,0.7833164319204148
NCT05109091,NCT04887298,0.5519862408771105
NCT05109091,NCT04073498,0.6347599263589689
NCT05109091,NCT03959527,0.6429251901889225
NCT05109091,NCT04469595,0.8527889986053034
NCT05109091,NCT04370054,0.8507113922748893
NCT05208944,NCT03059992,0.5721822844298126
NCT05208944,NCT03257033,0.7243826685642045
NCT05208944,NCT03363841,0.6033769108543797
NCT05208944,NCT03417102,0.8219549182934326
NCT05208944,NCT03425279,0.7820373087001523
NCT05208944,NCT03464019,0.6041049979022812
NCT05208944,NCT03504488,0.7494920114253145
NCT05208944,NCT04003467,0.5776156777067822
NCT05208944,NCT04153149,0.6804955858257163
NCT05208944,NCT04163185,0.6023688711213153
NCT05208944,NCT04180488,0.6941416809507059
NCT05208944,NCT04524273,0.5948477432650824
NCT05208944,NCT04544293,0.577061719376814
NCT05208944,NCT05059223,0.5533449337614033
NCT05208944,NCT05085366,0.5819015238856282
NCT05208944,NCT05109091,0.6646589539609954
NCT05208944,NCT05208944,0.9999999999999999
NCT05208944,NCT05291091,0.6278801628697805
NCT05208944,NCT05357950,0.7542289390845247
NCT05208944,NCT05481879,0.7147129093516883
NCT05208944,NCT05693142,0.654606353414568
NCT05208944,NCT05696717,0.5282698805943233
NCT05208944,NCT05731544,0.6755078738482759
NCT05208944,NCT06079736,0.7257539521700579
NCT05208944,NCT06185673,0.4489793736158573
NCT05208944,NCT06204809,0.6746428458149416
NCT05208944,NCT06255782,0.7673515103248787
NCT05208944,NCT06377930,0.7126532829711973
NCT05208944,NCT06601192,0.5999945045627079
NCT05208944,NCT06663137,0.8328016203499201
NCT05208944,NCT06736509,0.5330269762494201
NCT05208944,NCT05579249,0.6211686480357755
NCT05208944,NCT06034275,0.6547482797036711
NCT05208944,NCT05065411,0.745504181260604
NCT05208944,NCT05424276,0.5945525473330108
NCT05208944,NCT04887298,0.5697194573081308
NCT05208944,NCT04073498,0.7825826279197379
NCT05208944,NCT03959527,0.6466392907608814
NCT05208944,NCT04469595,0.6113581948442703
NCT05208944,NCT04370054,0.639800889455422
NCT05291091,NCT03059992,0.6387917754472001
NCT05291091,NCT03257033,0.6995228027691659
NCT05291091,NCT03363841,0.8456278256000568
NCT05291091,NCT03417102,0.6723546357823534
NCT05291091,NCT03425279,0.7602964994161727
NCT05291091,NCT03464019,0.9347752199723172
NCT05291091,NCT03504488,0.8088744698709622
NCT05291091,NCT04003467,0.6681341677329415
NCT05291091,NCT04153149,0.8817326644039541
NCT05291091,NCT04163185,0.802625603916986
NCT05291091,NCT04180488,0.8863303214514633
NCT05291091,NCT04524273,0.8117995276689141
NCT05291091,NCT04544293,0.8111191189311729
NCT05291091,NCT05059223,0.8372306589198343
NCT05291091,NCT05085366,0.9190839513809335
NCT05291091,NCT05109091,0.9005031985142637
NCT05291091,NCT05208944,0.6278801628697805
NCT05291091,NCT05291091,1.0000000000000007
NCT05291091,NCT05357950,0.7517272850188933
NCT05291091,NCT05481879,0.7580470402300002
NCT05291091,NCT05693142,0.7981106796775731
NCT05291091,NCT05696717,0.9202386730457571
NCT05291091,NCT05731544,0.875774875946104
NCT05291091,NCT06079736,0.7398647166136808
NCT05291091,NCT06185673,0.4498252767164936
NCT05291091,NCT06204809,0.7828545110929312
NCT05291091,NCT06255782,0.7420325999317215
NCT05291091,NCT06377930,0.7251131695861892
NCT05291091,NCT06601192,0.7411359131048716
NCT05291091,NCT06663137,0.7210225503186569
NCT05291091,NCT06736509,0.7780976135673741
NCT05291091,NCT05579249,0.7500050497980842
NCT05291091,NCT06034275,0.6154693555573748
NCT05291091,NCT05065411,0.6600458577874995
NCT05291091,NCT05424276,0.8000665842006413
NCT05291091,NCT04887298,0.6126778397648692
NCT05291091,NCT04073498,0.6681984566760338
NCT05291091,NCT03959527,0.6687936190678929
NCT05291091,NCT04469595,0.8496635789597384
NCT05291091,NCT04370054,0.8733154161026345
NCT05357950,NCT03059992,0.74200874161857
NCT05357950,NCT03257033,0.6618720819833992
NCT05357950,NCT03363841,0.7542623551313031
NCT05357950,NCT03417102,0.7788927726836589
NCT05357950,NCT03425279,0.7880556368595897
NCT05357950,NCT03464019,0.6753845687949516
NCT05357950,NCT03504488,0.7250378201547246
NCT05357950,NCT04003467,0.8203262456027648
NCT05357950,NCT04153149,0.7996886891352436
NCT05357950,NCT04163185,0.7282055385861236
NCT05357950,NCT04180488,0.833387274937491
NCT05357950,NCT04524273,0.7338303063819186
NCT05357950,NCT04544293,0.7407054759437002
NCT05357950,NCT05059223,0.7342949529470467
NCT05357950,NCT05085366,0.7038534412583404
NCT05357950,NCT05109091,0.7086917176911087
NCT05357950,NCT05208944,0.7542289390845247
NCT05357950,NCT05291091,0.7517272850188933
NCT05357950,NCT05357950,1.0000000000000007
NCT05357950,NCT05481879,0.8096029465009354
NCT05357950,NCT05693142,0.7507845755189954
NCT05357950,NCT05696717,0.6592340437122381
NCT05357950,NCT05731544,0.7414706172777755
NCT05357950,NCT06079736,0.8807521259872431
NCT05357950,NCT06185673,0.5870660031501251
NCT05357950,NCT06204809,0.7773845596155691
NCT05357950,NCT06255782,0.7917976076829519
NCT05357950,NCT06377930,0.7691911994753062
NCT05357950,NCT06601192,0.708933889720524
NCT05357950,NCT06663137,0.8633013959814784
NCT05357950,NCT06736509,0.7651184215561375
NCT05357950,NCT05579249,0.7729844267331906
NCT05357950,NCT06034275,0.7253765809420633
NCT05357950,NCT05065411,0.6862104716963421
NCT05357950,NCT05424276,0.8048145460835318
NCT05357950,NCT04887298,0.6946738787125496
NCT05357950,NCT04073498,0.7798424292014889
NCT05357950,NCT03959527,0.7550007037590005
NCT05357950,NCT04469595,0.7136081298955242
NCT05357950,NCT04370054,0.6998738790076701
NCT05481879,NCT03059992,0.7100959121530023
NCT05481879,NCT03257033,0.6820728942587401
NCT05481879,NCT03363841,0.7196086702632156
NCT05481879,NCT03417102,0.7010005717314639
NCT05481879,NCT03425279,0.7725441034262773
NCT05481879,NCT03464019,0.7056341917812464
NCT05481879,NCT03504488,0.7366419187072714
NCT05481879,NCT04003467,0.6785608913141031
NCT05481879,NCT04153149,0.7299056404648211
NCT05481879,NCT04163185,0.750866231852888
NCT05481879,NCT04180488,0.8043795605963038
NCT05481879,NCT04524273,0.7271492144789894
NCT05481879,NCT04544293,0.6973194671000102
NCT05481879,NCT05059223,0.726862671849887
NCT05481879,NCT05085366,0.7294631201836972
NCT05481879,NCT05109091,0.733352835169844
NCT05481879,NCT05208944,0.7147129093516883
NCT05481879,NCT05291091,0.7580470402300002
NCT05481879,NCT05357950,0.8096029465009354
NCT05481879,NCT05481879,1.0000000000000007
NCT05481879,NCT05693142,0.8081495173340405
NCT05481879,NCT05696717,0.7019008481725416
NCT05481879,NCT05731544,0.774130421645296
NCT05481879,NCT06079736,0.8712988809250334
NCT05481879,NCT06185673,0.6182362480059923
NCT05481879,NCT06204809,0.8347773909574523
NCT05481879,NCT06255782,0.816798269666348
NCT05481879,NCT06377930,0.7353862671454772
NCT05481879,NCT06601192,0.7010222421963088
NCT05481879,NCT06663137,0.8030312635491916
NCT05481879,NCT06736509,0.6739331471605625
NCT05481879,NCT05579249,0.7243695585966361
NCT05481879,NCT06034275,0.7027063075346915
NCT05481879,NCT05065411,0.6553286303985604
NCT05481879,NCT05424276,0.8038165970689141
NCT05481879,NCT04887298,0.6579967888095798
NCT05481879,NCT04073498,0.7310886001467722
NCT05481879,NCT03959527,0.7858557810294786
NCT05481879,NCT04469595,0.7249365627548718
NCT05481879,NCT04370054,0.6813504088709178
NCT05693142,NCT03059992,0.6741353824905427
NCT05693142,NCT03257033,0.6096322662411746
NCT05693142,NCT03363841,0.666517366042874
NCT05693142,NCT03417102,0.6478523373846642
NCT05693142,NCT03425279,0.6860270889278582
NCT05693142,NCT03464019,0.7096097431984144
NCT05693142,NCT03504488,0.6317421782482858
NCT05693142,NCT04003467,0.6399267485181716
NCT05693142,NCT04153149,0.7838480638097531
NCT05693142,NCT04163185,0.681690968919333
NCT05693142,NCT04180488,0.7700715034344503
NCT05693142,NCT04524273,0.7399476649426671
NCT05693142,NCT04544293,0.8094839385287033
NCT05693142,NCT05059223,0.7019817751894243
NCT05693142,NCT05085366,0.7505374939307022
NCT05693142,NCT05109091,0.7447610550583785
NCT05693142,NCT05208944,0.654606353414568
NCT05693142,NCT05291091,0.7981106796775731
NCT05693142,NCT05357950,0.7507845755189954
NCT05693142,NCT05481879,0.8081495173340405
NCT05693142,NCT05693142,1.0
NCT05693142,NCT05696717,0.717893949426232
NCT05693142,NCT05731544,0.783412209457865
NCT05693142,NCT06079736,0.7961510869881455
NCT05693142,NCT06185673,0.6744710728605913
NCT05693142,NCT06204809,0.7956142410331274
NCT05693142,NCT06255782,0.7104217137206766
NCT05693142,NCT06377930,0.673447412699852
NCT05693142,NCT06601192,0.5775534137360855
NCT05693142,NCT06663137,0.7294922516331726
NCT05693142,NCT06736509,0.6625996465080283
NCT05693142,NCT05579249,0.8423139593268606
NCT05693142,NCT06034275,0.5062087738739411
NCT05693142,NCT05065411,0.5375998531032796
NCT05693142,NCT05424276,0.7834841207095408
NCT05693142,NCT04887298,0.6754094540938835
NCT05693142,NCT04073498,0.6737673294986294
NCT05693142,NCT03959527,0.7211732878813558
NCT05693142,NCT04469595,0.7619330632204471
NCT05693142,NCT04370054,0.6986131804580347
NCT05696717,NCT03059992,0.6250725767121245
NCT05696717,NCT03257033,0.6889578547966596
NCT05696717,NCT03363841,0.8201727424889985
NCT05696717,NCT03417102,0.6146248760716692
NCT05696717,NCT03425279,0.6998746795842192
NCT05696717,NCT03464019,0.9275582321581222
NCT05696717,NCT03504488,0.7647351119394216
NCT05696717,NCT04003467,0.6313093835824567
NCT05696717,NCT04153149,0.7748623248130074
NCT05696717,NCT04163185,0.8503897231966472
NCT05696717,NCT04180488,0.856577984349122
NCT05696717,NCT04524273,0.7876342671282178
NCT05696717,NCT04544293,0.6741790028602156
NCT05696717,NCT05059223,0.8477537951656591
NCT05696717,NCT05085366,0.897028069492286
NCT05696717,NCT05109091,0.8916702045655095
NCT05696717,NCT05208944,0.5282698805943233
NCT05696717,NCT05291091,0.9202386730457571
NCT05696717,NCT05357950,0.6592340437122381
NCT05696717,NCT05481879,0.7019008481725416
NCT05696717,NCT05693142,0.717893949426232
NCT05696717,NCT05696717,1.0000000000000002
NCT05696717,NCT05731544,0.7580735509519289
NCT05696717,NCT06079736,0.6129959314476979
NCT05696717,NCT06185673,0.4342399831449611
NCT05696717,NCT06204809,0.7361093292992891
NCT05696717,NCT06255782,0.6597955725993551
NCT05696717,NCT06377930,0.765522873304593
NCT05696717,NCT06601192,0.7081204863968199
NCT05696717,NCT06663137,0.6474648521315182
NCT05696717,NCT06736509,0.790384374407257
NCT05696717,NCT05579249,0.6268421634906777
NCT05696717,NCT06034275,0.5572018139171663
NCT05696717,NCT05065411,0.6358079775862877
NCT05696717,NCT05424276,0.8038362312866377
NCT05696717,NCT04887298,0.530395021888107
NCT05696717,NCT04073498,0.5714516920931235
NCT05696717,NCT03959527,0.6465100668028536
NCT05696717,NCT04469595,0.8171904138454633
NCT05696717,NCT04370054,0.839925821517134
NCT05731544,NCT03059992,0.6367961882255424
NCT05731544,NCT03257033,0.6876382052899912
NCT05731544,NCT03363841,0.8194232098308211
NCT05731544,NCT03417102,0.6395004168301552
NCT05731544,NCT03425279,0.7708537371389611
NCT05731544,NCT03464019,0.7902596159473081
NCT05731544,NCT03504488,0.7819141161972413
NCT05731544,NCT04003467,0.6874100492453258
NCT05731544,NCT04153149,0.8257656057955648
NCT05731544,NCT04163185,0.7483794368136706
NCT05731544,NCT04180488,0.8267867505081615
NCT05731544,NCT04524273,0.8070641173600155
NCT05731544,NCT04544293,0.7796324019908717
NCT05731544,NCT05059223,0.7917713001546941
NCT05731544,NCT05085366,0.8349383178065664
NCT05731544,NCT05109091,0.8335677340823754
NCT05731544,NCT05208944,0.6755078738482759
NCT05731544,NCT05291091,0.875774875946104
NCT05731544,NCT05357950,0.7414706172777755
NCT05731544,NCT05481879,0.774130421645296
NCT05731544,NCT05693142,0.783412209457865
NCT05731544,NCT05696717,0.7580735509519289
NCT05731544,NCT05731544,1.0000000000000002
NCT05731544,NCT06079736,0.7391561576251046
NCT05731544,NCT06185673,0.5322364916315162
NCT05731544,NCT06204809,0.7536128953425838
NCT05731544,NCT06255782,0.7222360431367516
NCT05731544,NCT06377930,0.682956547561907
NCT05731544,NCT06601192,0.7293319994946541
NCT05731544,NCT06663137,0.7496354814891355
NCT05731544,NCT06736509,0.7687533518510676
NCT05731544,NCT05579249,0.7839249072514823
NCT05731544,NCT06034275,0.6217174108714215
NCT05731544,NCT05065411,0.6281658563926122
NCT05731544,NCT05424276,0.7564434951551445
NCT05731544,NCT04887298,0.6004873180017456
NCT05731544,NCT04073498,0.6471266862723936
NCT05731544,NCT03959527,0.7183089734456026
NCT05731544,NCT04469595,0.8140162083600433
NCT05731544,NCT04370054,0.7420970033363473
NCT06079736,NCT03059992,0.7120089246199611
NCT06079736,NCT03257033,0.5785670211879178
NCT06079736,NCT03363841,0.6573739658353052
NCT06079736,NCT03417102,0.7282124888394226
NCT06079736,NCT03425279,0.7338550583716191
NCT06079736,NCT03464019,0.6280382810739538
NCT06079736,NCT03504488,0.6500215837335146
NCT06079736,NCT04003467,0.7576653128629869
NCT06079736,NCT04153149,0.780427358883981
NCT06079736,NCT04163185,0.6631764180592005
NCT06079736,NCT04180488,0.7794524729668707
NCT06079736,NCT04524273,0.6569462551377344
NCT06079736,NCT04544293,0.6679772882343559
NCT06079736,NCT05059223,0.6628405020413588
NCT06079736,NCT05085366,0.6482528890847147
NCT06079736,NCT05109091,0.6981949949507551
NCT06079736,NCT05208944,0.7257539521700579
NCT06079736,NCT05291091,0.7398647166136808
NCT06079736,NCT05357950,0.8807521259872431
NCT06079736,NCT05481879,0.8712988809250334
NCT06079736,NCT05693142,0.7961510869881455
NCT06079736,NCT05696717,0.6129959314476979
NCT06079736,NCT05731544,0.7391561576251046
NCT06079736,NCT06079736,1.0000000000000002
NCT06079736,NCT06185673,0.6374374745398805
NCT06079736,NCT06204809,0.8374367428775599
NCT06079736,NCT06255782,0.799109253373577
NCT06079736,NCT06377930,0.7154698339161734
NCT06079736,NCT06601192,0.6561430046183323
NCT06079736,NCT06663137,0.840832124354397
NCT06079736,NCT06736509,0.6096049606623613
NCT06079736,NCT05579249,0.749633449003019
NCT06079736,NCT06034275,0.64123571450927
NCT06079736,NCT05065411,0.5990060818983733
NCT06079736,NCT05424276,0.8010747967761975
NCT06079736,NCT04887298,0.612705297620252
NCT06079736,NCT04073498,0.741221923340725
NCT06079736,NCT03959527,0.6976867258503191
NCT06079736,NCT04469595,0.726147607639175
NCT06079736,NCT04370054,0.6249353931235634
NCT06185673,NCT03059992,0.6026413113374759
NCT06185673,NCT03257033,0.39171757640332144
NCT06185673,NCT03363841,0.4749552368205155
NCT06185673,NCT03417102,0.5674767112856813
NCT06185673,NCT03425279,0.41921570994384916
NCT06185673,NCT03464019,0.3880020640647345
NCT06185673,NCT03504488,0.3568657929588774
NCT06185673,NCT04003467,0.5515569931654363
NCT06185673,NCT04153149,0.5072847949183734
NCT06185673,NCT04163185,0.5358955524131646
NCT06185673,NCT04180488,0.562851951859446
NCT06185673,NCT04524273,0.49560746693377594
NCT06185673,NCT04544293,0.5670322283179385
NCT06185673,NCT05059223,0.4991831052001749
NCT06185673,NCT05085366,0.4642472004111228
NCT06185673,NCT05109091,0.4444764577237304
NCT06185673,NCT05208944,0.4489793736158573
NCT06185673,NCT05291091,0.4498252767164936
NCT06185673,NCT05357950,0.5870660031501251
NCT06185673,NCT05481879,0.6182362480059923
NCT06185673,NCT05693142,0.6744710728605913
NCT06185673,NCT05696717,0.4342399831449611
NCT06185673,NCT05731544,0.5322364916315162
NCT06185673,NCT06079736,0.6374374745398805
NCT06185673,NCT06185673,1.000000000000001
NCT06185673,NCT06204809,0.517767672076903
NCT06185673,NCT06255782,0.5338969972946539
NCT06185673,NCT06377930,0.5425496664380449
NCT06185673,NCT06601192,0.4388502068113904
NCT06185673,NCT06663137,0.5635755617863223
NCT06185673,NCT06736509,0.5231411319906352
NCT06185673,NCT05579249,0.6373337163052426
NCT06185673,NCT06034275,0.3229556587465844
NCT06185673,NCT05065411,0.32861331717331976
NCT06185673,NCT05424276,0.6569771220427791
NCT06185673,NCT04887298,0.4538912198205135
NCT06185673,NCT04073498,0.4586590295583599
NCT06185673,NCT03959527,0.6282336153472111
NCT06185673,NCT04469595,0.5800128312702028
NCT06185673,NCT04370054,0.42020860376770447
NCT06204809,NCT03059992,0.6444449512979149
NCT06204809,NCT03257033,0.6064474758740519
NCT06204809,NCT03363841,0.7736335453107772
NCT06204809,NCT03417102,0.6245001461765347
NCT06204809,NCT03425279,0.7217176271184769
NCT06204809,NCT03464019,0.742777570328316
NCT06204809,NCT03504488,0.6527499692663749
NCT06204809,NCT04003467,0.5967692917273547
NCT06204809,NCT04153149,0.8253638111191457
NCT06204809,NCT04163185,0.7519852773340043
NCT06204809,NCT04180488,0.7366668944382825
NCT06204809,NCT04524273,0.7501157845507291
NCT06204809,NCT04544293,0.6562763180121458
NCT06204809,NCT05059223,0.7735925956765854
NCT06204809,NCT05085366,0.7762600844531303
NCT06204809,NCT05109091,0.7763313591696932
NCT06204809,NCT05208944,0.6746428458149416
NCT06204809,NCT05291091,0.7828545110929312
NCT06204809,NCT05357950,0.7773845596155691
NCT06204809,NCT05481879,0.8347773909574523
NCT06204809,NCT05693142,0.7956142410331274
NCT06204809,NCT05696717,0.7361093292992891
NCT06204809,NCT05731544,0.7536128953425838
NCT06204809,NCT06079736,0.8374367428775599
NCT06204809,NCT06185673,0.517767672076903
NCT06204809,NCT06204809,1.0000000000000002
NCT06204809,NCT06255782,0.7264466861931007
NCT06204809,NCT06377930,0.7507251189761209
NCT06204809,NCT06601192,0.6409658621510957
NCT06204809,NCT06663137,0.7801157250785248
NCT06204809,NCT06736509,0.7221610787662678
NCT06204809,NCT05579249,0.7005502238004979
NCT06204809,NCT06034275,0.615471033873678
NCT06204809,NCT05065411,0.6065003424439993
NCT06204809,NCT05424276,0.8315285433790716
NCT06204809,NCT04887298,0.6703285490775714
NCT06204809,NCT04073498,0.6379475562387745
NCT06204809,NCT03959527,0.689347681634125
NCT06204809,NCT04469595,0.7150859209160705
NCT06204809,NCT04370054,0.6242799265481869
NCT06255782,NCT03059992,0.6388918242860597
NCT06255782,NCT03257033,0.6824975852746057
NCT06255782,NCT03363841,0.6680836798310293
NCT06255782,NCT03417102,0.8240029647695422
NCT06255782,NCT03425279,0.7428159491037271
NCT06255782,NCT03464019,0.6792720591745581
NCT06255782,NCT03504488,0.7385798098437137
NCT06255782,NCT04003467,0.6072378982904643
NCT06255782,NCT04153149,0.724779513741765
NCT06255782,NCT04163185,0.6490692690400554
NCT06255782,NCT04180488,0.7374696581060969
NCT06255782,NCT04524273,0.6519019938278272
NCT06255782,NCT04544293,0.6043139648897067
NCT06255782,NCT05059223,0.6948187209418288
NCT06255782,NCT05085366,0.675292679634257
NCT06255782,NCT05109091,0.7830047593704627
NCT06255782,NCT05208944,0.7673515103248787
NCT06255782,NCT05291091,0.7420325999317215
NCT06255782,NCT05357950,0.7917976076829519
NCT06255782,NCT05481879,0.816798269666348
NCT06255782,NCT05693142,0.7104217137206766
NCT06255782,NCT05696717,0.6597955725993551
NCT06255782,NCT05731544,0.7222360431367516
NCT06255782,NCT06079736,0.799109253373577
NCT06255782,NCT06185673,0.5338969972946539
NCT06255782,NCT06204809,0.7264466861931007
NCT06255782,NCT06255782,0.9999999999999999
NCT06255782,NCT06377930,0.7784100008206655
NCT06255782,NCT06601192,0.6362439682172562
NCT06255782,NCT06663137,0.8156945972311959
NCT06255782,NCT06736509,0.6133137576863238
NCT06255782,NCT05579249,0.671795454332985
NCT06255782,NCT06034275,0.656320894232305
NCT06255782,NCT05065411,0.6332827074595168
NCT06255782,NCT05424276,0.6959489065825436
NCT06255782,NCT04887298,0.5490137822296786
NCT06255782,NCT04073498,0.8134034021999091
NCT06255782,NCT03959527,0.722600843071632
NCT06255782,NCT04469595,0.7300349251613493
NCT06255782,NCT04370054,0.7433584535503159
NCT06377930,NCT03059992,0.6501965251505254
NCT06377930,NCT03257033,0.6740938309018969
NCT06377930,NCT03363841,0.7295134272408864
NCT06377930,NCT03417102,0.7469310847241226
NCT06377930,NCT03425279,0.7078294856929942
NCT06377930,NCT03464019,0.6960529071609175
NCT06377930,NCT03504488,0.7120634596248687
NCT06377930,NCT04003467,0.5860230697154472
NCT06377930,NCT04153149,0.6972684044647534
NCT06377930,NCT04163185,0.8028175156649852
NCT06377930,NCT04180488,0.7865263141542082
NCT06377930,NCT04524273,0.6917898211962997
NCT06377930,NCT04544293,0.5018372705010254
NCT06377930,NCT05059223,0.7940448571896397
NCT06377930,NCT05085366,0.726086080947634
NCT06377930,NCT05109091,0.8041903741502653
NCT06377930,NCT05208944,0.7126532829711973
NCT06377930,NCT05291091,0.7251131695861892
NCT06377930,NCT05357950,0.7691911994753062
NCT06377930,NCT05481879,0.7353862671454772
NCT06377930,NCT05693142,0.673447412699852
NCT06377930,NCT05696717,0.765522873304593
NCT06377930,NCT05731544,0.682956547561907
NCT06377930,NCT06079736,0.7154698339161734
NCT06377930,NCT06185673,0.5425496664380449
NCT06377930,NCT06204809,0.7507251189761209
NCT06377930,NCT06255782,0.7784100008206655
NCT06377930,NCT06377930,1.0000000000000004
NCT06377930,NCT06601192,0.624649424123362
NCT06377930,NCT06663137,0.7398836625402373
NCT06377930,NCT06736509,0.7645744803881478
NCT06377930,NCT05579249,0.5690238951197283
NCT06377930,NCT06034275,0.627375720196716
NCT06377930,NCT05065411,0.6308096560120471
NCT06377930,NCT05424276,0.838976415638517
NCT06377930,NCT04887298,0.5362881179732603
NCT06377930,NCT04073498,0.6496592896039104
NCT06377930,NCT03959527,0.7205493809234474
NCT06377930,NCT04469595,0.6993635350852236
NCT06377930,NCT04370054,0.6935811967430162
NCT06601192,NCT03059992,0.6139992378334496
NCT06601192,NCT03257033,0.6473439510895285
NCT06601192,NCT03363841,0.7735836927494232
NCT06601192,NCT03417102,0.6604062539198037
NCT06601192,NCT03425279,0.6924292953213651
NCT06601192,NCT03464019,0.745106034972053
NCT06601192,NCT03504488,0.6758242667196404
NCT06601192,NCT04003467,0.6212376239284992
NCT06601192,NCT04153149,0.7448048746212437
NCT06601192,NCT04163185,0.7587963755939832
NCT06601192,NCT04180488,0.7710822213046822
NCT06601192,NCT04524273,0.6963064080742648
NCT06601192,NCT04544293,0.6175774916979431
NCT06601192,NCT05059223,0.7210643105934045
NCT06601192,NCT05085366,0.737121860476654
NCT06601192,NCT05109091,0.7281499108663216
NCT06601192,NCT05208944,0.5999945045627079
NCT06601192,NCT05291091,0.7411359131048716
NCT06601192,NCT05357950,0.708933889720524
NCT06601192,NCT05481879,0.7010222421963088
NCT06601192,NCT05693142,0.5775534137360855
NCT06601192,NCT05696717,0.7081204863968199
NCT06601192,NCT05731544,0.7293319994946541
NCT06601192,NCT06079736,0.6561430046183323
NCT06601192,NCT06185673,0.4388502068113904
NCT06601192,NCT06204809,0.6409658621510957
NCT06601192,NCT06255782,0.6362439682172562
NCT06601192,NCT06377930,0.624649424123362
NCT06601192,NCT06601192,1.0000000000000004
NCT06601192,NCT06663137,0.6960826386460736
NCT06601192,NCT06736509,0.7701892240131779
NCT06601192,NCT05579249,0.5189865641429395
NCT06601192,NCT06034275,0.705711161589844
NCT06601192,NCT05065411,0.5854755142765414
NCT06601192,NCT05424276,0.6618681648588739
NCT06601192,NCT04887298,0.6616145726502208
NCT06601192,NCT04073498,0.6944314201701653
NCT06601192,NCT03959527,0.6885184541983755
NCT06601192,NCT04469595,0.6908820571227049
NCT06601192,NCT04370054,0.7517340465039187
NCT06663137,NCT03059992,0.7539290754994001
NCT06663137,NCT03257033,0.7574995451495838
NCT06663137,NCT03363841,0.7393245258834916
NCT06663137,NCT03417102,0.7660435644982457
NCT06663137,NCT03425279,0.865391289303092
NCT06663137,NCT03464019,0.680469195147308
NCT06663137,NCT03504488,0.7952756154471263
NCT06663137,NCT04003467,0.7209050542419664
NCT06663137,NCT04153149,0.7937329600854476
NCT06663137,NCT04163185,0.689847478138814
NCT06663137,NCT04180488,0.8027728212019873
NCT06663137,NCT04524273,0.7581202013211328
NCT06663137,NCT04544293,0.6181910764730483
NCT06663137,NCT05059223,0.7004974297961868
NCT06663137,NCT05085366,0.716976766684902
NCT06663137,NCT05109091,0.7334972076045461
NCT06663137,NCT05208944,0.8328016203499201
NCT06663137,NCT05291091,0.7210225503186569
NCT06663137,NCT05357950,0.8633013959814784
NCT06663137,NCT05481879,0.8030312635491916
NCT06663137,NCT05693142,0.7294922516331726
NCT06663137,NCT05696717,0.6474648521315182
NCT06663137,NCT05731544,0.7496354814891355
NCT06663137,NCT06079736,0.840832124354397
NCT06663137,NCT06185673,0.5635755617863223
NCT06663137,NCT06204809,0.7801157250785248
NCT06663137,NCT06255782,0.8156945972311959
NCT06663137,NCT06377930,0.7398836625402373
NCT06663137,NCT06601192,0.6960826386460736
NCT06663137,NCT06663137,1.000000000000001
NCT06663137,NCT06736509,0.6959935037801074
NCT06663137,NCT05579249,0.6835149800528347
NCT06663137,NCT06034275,0.7285286767080472
NCT06663137,NCT05065411,0.7668167778899968
NCT06663137,NCT05424276,0.7192634013831936
NCT06663137,NCT04887298,0.6957756032808573
NCT06663137,NCT04073498,0.7660678575605344
NCT06663137,NCT03959527,0.785324418437424
NCT06663137,NCT04469595,0.7190834692906609
NCT06663137,NCT04370054,0.6433584454491936
NCT06736509,NCT03059992,0.7306297088890062
NCT06736509,NCT03257033,0.7009861989163698
NCT06736509,NCT03363841,0.9121218852836469
NCT06736509,NCT03417102,0.6253098442439876
NCT06736509,NCT03425279,0.7457024076952294
NCT06736509,NCT03464019,0.7526559261307402
NCT06736509,NCT03504488,0.7344463729305245
NCT06736509,NCT04003467,0.590247461147148
NCT06736509,NCT04153149,0.8012317316949554
NCT06736509,NCT04163185,0.8760634487394187
NCT06736509,NCT04180488,0.8459959311034809
NCT06736509,NCT04524273,0.8800982433801945
NCT06736509,NCT04544293,0.6441180329201532
NCT06736509,NCT05059223,0.9223655687824792
NCT06736509,NCT05085366,0.8760972466405066
NCT06736509,NCT05109091,0.771582902130768
NCT06736509,NCT05208944,0.5330269762494201
NCT06736509,NCT05291091,0.7780976135673741
NCT06736509,NCT05357950,0.7651184215561375
NCT06736509,NCT05481879,0.6739331471605625
NCT06736509,NCT05693142,0.6625996465080283
NCT06736509,NCT05696717,0.790384374407257
NCT06736509,NCT05731544,0.7687533518510676
NCT06736509,NCT06079736,0.6096049606623613
NCT06736509,NCT06185673,0.5231411319906352
NCT06736509,NCT06204809,0.7221610787662678
NCT06736509,NCT06255782,0.6133137576863238
NCT06736509,NCT06377930,0.7645744803881478
NCT06736509,NCT06601192,0.7701892240131779
NCT06736509,NCT06663137,0.6959935037801074
NCT06736509,NCT06736509,1.0000000000000007
NCT06736509,NCT05579249,0.6179058576374105
NCT06736509,NCT06034275,0.6974678044294806
NCT06736509,NCT05065411,0.6185000561383567
NCT06736509,NCT05424276,0.7669270177596978
NCT06736509,NCT04887298,0.7278733136303589
NCT06736509,NCT04073498,0.6411394384384909
NCT06736509,NCT03959527,0.7654666294707663
NCT06736509,NCT04469595,0.7962491124800417
NCT06736509,NCT04370054,0.7349241476480456
NCT05579249,NCT03059992,0.5749519756170604
NCT05579249,NCT03257033,0.6047708264812897
NCT05579249,NCT03363841,0.6150348869542359
NCT05579249,NCT03417102,0.6636488542203358
NCT05579249,NCT03425279,0.6639390967414555
NCT05579249,NCT03464019,0.6185858915462785
NCT05579249,NCT03504488,0.6312936601377942
NCT05579249,NCT04003467,0.7133073618143837
NCT05579249,NCT04153149,0.7135474269621257
NCT05579249,NCT04163185,0.6248455862537431
NCT05579249,NCT04180488,0.7467487843609785
NCT05579249,NCT04524273,0.6908606204525255
NCT05579249,NCT04544293,0.8795758319071942
NCT05579249,NCT05059223,0.6378210611759662
NCT05579249,NCT05085366,0.695628750017441
NCT05579249,NCT05109091,0.6762199819115058
NCT05579249,NCT05208944,0.6211686480357755
NCT05579249,NCT05291091,0.7500050497980842
NCT05579249,NCT05357950,0.7729844267331906
NCT05579249,NCT05481879,0.7243695585966361
NCT05579249,NCT05693142,0.8423139593268606
NCT05579249,NCT05696717,0.6268421634906777
NCT05579249,NCT05731544,0.7839249072514823
NCT05579249,NCT06079736,0.749633449003019
NCT05579249,NCT06185673,0.6373337163052426
NCT05579249,NCT06204809,0.7005502238004979
NCT05579249,NCT06255782,0.671795454332985
NCT05579249,NCT06377930,0.5690238951197283
NCT05579249,NCT06601192,0.5189865641429395
NCT05579249,NCT06663137,0.6835149800528347
NCT05579249,NCT06736509,0.6179058576374105
NCT05579249,NCT05579249,1.0000000000000004
NCT05579249,NCT06034275,0.5674032368170207
NCT05579249,NCT05065411,0.5915440476069708
NCT05579249,NCT05424276,0.7425255569384432
NCT05579249,NCT04887298,0.623602281231741
NCT05579249,NCT04073498,0.6456849497236564
NCT05579249,NCT03959527,0.6843465128367365
NCT05579249,NCT04469595,0.7197219645105086
NCT05579249,NCT04370054,0.7149986408679265
NCT06034275,NCT03059992,0.5668913830816631
NCT06034275,NCT03257033,0.8404013672307705
NCT06034275,NCT03363841,0.6840327892134541
NCT06034275,NCT03417102,0.6385146442943348
NCT06034275,NCT03425279,0.8582417734211331
NCT06034275,NCT03464019,0.5829403273916328
NCT06034275,NCT03504488,0.8536715089746428
NCT06034275,NCT04003467,0.5348100753807188
NCT06034275,NCT04153149,0.5950284552119587
NCT06034275,NCT04163185,0.6883736482639538
NCT06034275,NCT04180488,0.7741956911753143
NCT06034275,NCT04524273,0.6941419123757167
NCT06034275,NCT04544293,0.5494684938692707
NCT06034275,NCT05059223,0.6466634273034961
NCT06034275,NCT05085366,0.7003493144419815
NCT06034275,NCT05109091,0.6896516292077405
NCT06034275,NCT05208944,0.6547482797036711
NCT06034275,NCT05291091,0.6154693555573748
NCT06034275,NCT05357950,0.7253765809420633
NCT06034275,NCT05481879,0.7027063075346915
NCT06034275,NCT05693142,0.5062087738739411
NCT06034275,NCT05696717,0.5572018139171663
NCT06034275,NCT05731544,0.6217174108714215
NCT06034275,NCT06079736,0.64123571450927
NCT06034275,NCT06185673,0.3229556587465844
NCT06034275,NCT06204809,0.615471033873678
NCT06034275,NCT06255782,0.656320894232305
NCT06034275,NCT06377930,0.627375720196716
NCT06034275,NCT06601192,0.705711161589844
NCT06034275,NCT06663137,0.7285286767080472
NCT06034275,NCT06736509,0.6974678044294806
NCT06034275,NCT05579249,0.5674032368170207
NCT06034275,NCT06034275,0.9999999999999998
NCT06034275,NCT05065411,0.734845507591396
NCT06034275,NCT05424276,0.6254462936733151
NCT06034275,NCT04887298,0.6179635240394384
NCT06034275,NCT04073498,0.6105692867586564
NCT06034275,NCT03959527,0.6597243677596497
NCT06034275,NCT04469595,0.6127102106495371
NCT06034275,NCT04370054,0.68936113658253
NCT05065411,NCT03059992,0.58546677983568
NCT05065411,NCT03257033,0.8549848320160404
NCT05065411,NCT03363841,0.639607404306234
NCT05065411,NCT03417102,0.6973085013359733
NCT05065411,NCT03425279,0.8943548307004602
NCT05065411,NCT03464019,0.6690455066352486
NCT05065411,NCT03504488,0.8539012319141109
NCT05065411,NCT04003467,0.6402384651289572
NCT05065411,NCT04153149,0.6493939796192785
NCT05065411,NCT04163185,0.6769840919735005
NCT05065411,NCT04180488,0.7419252909845169
NCT05065411,NCT04524273,0.725568418909342
NCT05065411,NCT04544293,0.5395320705795515
NCT05065411,NCT05059223,0.6638252809131314
NCT05065411,NCT05085366,0.6831166417837892
NCT05065411,NCT05109091,0.6680554006133922
NCT05065411,NCT05208944,0.745504181260604
NCT05065411,NCT05291091,0.6600458577874995
NCT05065411,NCT05357950,0.6862104716963421
NCT05065411,NCT05481879,0.6553286303985604
NCT05065411,NCT05693142,0.5375998531032796
NCT05065411,NCT05696717,0.6358079775862877
NCT05065411,NCT05731544,0.6281658563926122
NCT05065411,NCT06079736,0.5990060818983733
NCT05065411,NCT06185673,0.32861331717331976
NCT05065411,NCT06204809,0.6065003424439993
NCT05065411,NCT06255782,0.6332827074595168
NCT05065411,NCT06377930,0.6308096560120471
NCT05065411,NCT06601192,0.5854755142765414
NCT05065411,NCT06663137,0.7668167778899968
NCT05065411,NCT06736509,0.6185000561383567
NCT05065411,NCT05579249,0.5915440476069708
NCT05065411,NCT06034275,0.734845507591396
NCT05065411,NCT05065411,1.000000000000001
NCT05065411,NCT05424276,0.5717824241119007
NCT05065411,NCT04887298,0.6106661478979031
NCT05065411,NCT04073498,0.6858928587880724
NCT05065411,NCT03959527,0.6618776419577417
NCT05065411,NCT04469595,0.6164747899660169
NCT05065411,NCT04370054,0.7055407483890247
NCT05424276,NCT03059992,0.678528172563731
NCT05424276,NCT03257033,0.6095268937459956
NCT05424276,NCT03363841,0.746907306319593
NCT05424276,NCT03417102,0.6388649500806786
NCT05424276,NCT03425279,0.6876019807395548
NCT05424276,NCT03464019,0.7042958760263989
NCT05424276,NCT03504488,0.6705786272646138
NCT05424276,NCT04003467,0.6880871391061736
NCT05424276,NCT04153149,0.7263187758083732
NCT05424276,NCT04163185,0.7758603901662672
NCT05424276,NCT04180488,0.8154213692107699
NCT05424276,NCT04524273,0.6980875947232978
NCT05424276,NCT04544293,0.7017757370270915
NCT05424276,NCT05059223,0.7394496379998141
NCT05424276,NCT05085366,0.7582700008455384
NCT05424276,NCT05109091,0.7833164319204148
NCT05424276,NCT05208944,0.5945525473330108
NCT05424276,NCT05291091,0.8000665842006413
NCT05424276,NCT05357950,0.8048145460835318
NCT05424276,NCT05481879,0.8038165970689141
NCT05424276,NCT05693142,0.7834841207095408
NCT05424276,NCT05696717,0.8038362312866377
NCT05424276,NCT05731544,0.7564434951551445
NCT05424276,NCT06079736,0.8010747967761975
NCT05424276,NCT06185673,0.6569771220427791
NCT05424276,NCT06204809,0.8315285433790716
NCT05424276,NCT06255782,0.6959489065825436
NCT05424276,NCT06377930,0.838976415638517
NCT05424276,NCT06601192,0.6618681648588739
NCT05424276,NCT06663137,0.7192634013831936
NCT05424276,NCT06736509,0.7669270177596978
NCT05424276,NCT05579249,0.7425255569384432
NCT05424276,NCT06034275,0.6254462936733151
NCT05424276,NCT05065411,0.5717824241119007
NCT05424276,NCT05424276,1.0000000000000004
NCT05424276,NCT04887298,0.5665597155536237
NCT05424276,NCT04073498,0.5497323867011651
NCT05424276,NCT03959527,0.7160611149901744
NCT05424276,NCT04469595,0.7410007033655711
NCT05424276,NCT04370054,0.6826603477139901
NCT04887298,NCT03059992,0.6694300081819989
NCT04887298,NCT03257033,0.6585513105482516
NCT04887298,NCT03363841,0.6807732923662667
NCT04887298,NCT03417102,0.5549957141231423
NCT04887298,NCT03425279,0.6765823193969966
NCT04887298,NCT03464019,0.5547479186667608
NCT04887298,NCT03504488,0.5698127723906742
NCT04887298,NCT04003467,0.5097701715123752
NCT04887298,NCT04153149,0.7252873609122693
NCT04887298,NCT04163185,0.6219651226557866
NCT04887298,NCT04180488,0.6476378615933378
NCT04887298,NCT04524273,0.7479094594404138
NCT04887298,NCT04544293,0.5993349880138462
NCT04887298,NCT05059223,0.6816366852266665
NCT04887298,NCT05085366,0.6869869369125734
NCT04887298,NCT05109091,0.5519862408771105
NCT04887298,NCT05208944,0.5697194573081308
NCT04887298,NCT05291091,0.6126778397648692
NCT04887298,NCT05357950,0.6946738787125496
NCT04887298,NCT05481879,0.6579967888095798
NCT04887298,NCT05693142,0.6754094540938835
NCT04887298,NCT05696717,0.530395021888107
NCT04887298,NCT05731544,0.6004873180017456
NCT04887298,NCT06079736,0.612705297620252
NCT04887298,NCT06185673,0.4538912198205135
NCT04887298,NCT06204809,0.6703285490775714
NCT04887298,NCT06255782,0.5490137822296786
NCT04887298,NCT06377930,0.5362881179732603
NCT04887298,NCT06601192,0.6616145726502208
NCT04887298,NCT06663137,0.6957756032808573
NCT04887298,NCT06736509,0.7278733136303589
NCT04887298,NCT05579249,0.623602281231741
NCT04887298,NCT06034275,0.6179635240394384
NCT04887298,NCT05065411,0.6106661478979031
NCT04887298,NCT05424276,0.5665597155536237
NCT04887298,NCT04887298,1.0000000000000004
NCT04887298,NCT04073498,0.7321988100432857
NCT04887298,NCT03959527,0.7592237776685782
NCT04887298,NCT04469595,0.5992534222750269
NCT04887298,NCT04370054,0.5815560267386864
NCT04073498,NCT03059992,0.6770630126547516
NCT04073498,NCT03257033,0.65855735708412
NCT04073498,NCT03363841,0.6832379730717208
NCT04073498,NCT03417102,0.8524342781256204
NCT04073498,NCT03425279,0.7065664513403985
NCT04073498,NCT03464019,0.6166959076966353
NCT04073498,NCT03504488,0.6650582296793235
NCT04073498,NCT04003467,0.6332352176011086
NCT04073498,NCT04153149,0.7497496341993648
NCT04073498,NCT04163185,0.625444612744022
NCT04073498,NCT04180488,0.7298600912723565
NCT04073498,NCT04524273,0.697139211232373
NCT04073498,NCT04544293,0.5867432652497238
NCT04073498,NCT05059223,0.6660215111697506
NCT04073498,NCT05085366,0.6476998512063626
NCT04073498,NCT05109091,0.6347599263589689
NCT04073498,NCT05208944,0.7825826279197379
NCT04073498,NCT05291091,0.6681984566760338
NCT04073498,NCT05357950,0.7798424292014889
NCT04073498,NCT05481879,0.7310886001467722
NCT04073498,NCT05693142,0.6737673294986294
NCT04073498,NCT05696717,0.5714516920931235
NCT04073498,NCT05731544,0.6471266862723936
NCT04073498,NCT06079736,0.741221923340725
NCT04073498,NCT06185673,0.4586590295583599
NCT04073498,NCT06204809,0.6379475562387745
NCT04073498,NCT06255782,0.8134034021999091
NCT04073498,NCT06377930,0.6496592896039104
NCT04073498,NCT06601192,0.6944314201701653
NCT04073498,NCT06663137,0.7660678575605344
NCT04073498,NCT06736509,0.6411394384384909
NCT04073498,NCT05579249,0.6456849497236564
NCT04073498,NCT06034275,0.6105692867586564
NCT04073498,NCT05065411,0.6858928587880724
NCT04073498,NCT05424276,0.5497323867011651
NCT04073498,NCT04887298,0.7321988100432857
NCT04073498,NCT04073498,1.0
NCT04073498,NCT03959527,0.7062979674927122
NCT04073498,NCT04469595,0.6948129361168897
NCT04073498,NCT04370054,0.7478467408666659
NCT03959527,NCT03059992,0.8317082003759341
NCT03959527,NCT03257033,0.7375662342920803
NCT03959527,NCT03363841,0.7523080085536273
NCT03959527,NCT03417102,0.7202699460884353
NCT03959527,NCT03425279,0.737534138495149
NCT03959527,NCT03464019,0.5989882960155096
NCT03959527,NCT03504488,0.6917302151938302
NCT03959527,NCT04003467,0.6186574350890879
NCT03959527,NCT04153149,0.7226439269648118
NCT03959527,NCT04163185,0.7320778815618995
NCT03959527,NCT04180488,0.7849653100342786
NCT03959527,NCT04524273,0.7800023190304574
NCT03959527,NCT04544293,0.6202624166071125
NCT03959527,NCT05059223,0.7796106937382032
NCT03959527,NCT05085366,0.7172101729919047
NCT03959527,NCT05109091,0.6429251901889225
NCT03959527,NCT05208944,0.6466392907608814
NCT03959527,NCT05291091,0.6687936190678929
NCT03959527,NCT05357950,0.7550007037590005
NCT03959527,NCT05481879,0.7858557810294786
NCT03959527,NCT05693142,0.7211732878813558
NCT03959527,NCT05696717,0.6465100668028536
NCT03959527,NCT05731544,0.7183089734456026
NCT03959527,NCT06079736,0.6976867258503191
NCT03959527,NCT06185673,0.6282336153472111
NCT03959527,NCT06204809,0.689347681634125
NCT03959527,NCT06255782,0.722600843071632
NCT03959527,NCT06377930,0.7205493809234474
NCT03959527,NCT06601192,0.6885184541983755
NCT03959527,NCT06663137,0.785324418437424
NCT03959527,NCT06736509,0.7654666294707663
NCT03959527,NCT05579249,0.6843465128367365
NCT03959527,NCT06034275,0.6597243677596497
NCT03959527,NCT05065411,0.6618776419577417
NCT03959527,NCT05424276,0.7160611149901744
NCT03959527,NCT04887298,0.7592237776685782
NCT03959527,NCT04073498,0.7062979674927122
NCT03959527,NCT03959527,0.9999999999999997
NCT03959527,NCT04469595,0.7109107660971886
NCT03959527,NCT04370054,0.6927775080884611
NCT04469595,NCT03059992,0.7269513517592097
NCT04469595,NCT03257033,0.691955649498731
NCT04469595,NCT03363841,0.8365037150138206
NCT04469595,NCT03417102,0.707535067943238
NCT04469595,NCT03425279,0.7344771366850537
NCT04469595,NCT03464019,0.7624052319965064
NCT04469595,NCT03504488,0.7597878708530734
NCT04469595,NCT04003467,0.6872301980892174
NCT04469595,NCT04153149,0.8047932981055622
NCT04469595,NCT04163185,0.8477175124648557
NCT04469595,NCT04180488,0.8921075540297942
NCT04469595,NCT04524273,0.7719758507580499
NCT04469595,NCT04544293,0.687957871372391
NCT04469595,NCT05059223,0.8393871225840737
NCT04469595,NCT05085366,0.8131185311077163
NCT04469595,NCT05109091,0.8527889986053034
NCT04469595,NCT05208944,0.6113581948442703
NCT04469595,NCT05291091,0.8496635789597384
NCT04469595,NCT05357950,0.7136081298955242
NCT04469595,NCT05481879,0.7249365627548718
NCT04469595,NCT05693142,0.7619330632204471
NCT04469595,NCT05696717,0.8171904138454633
NCT04469595,NCT05731544,0.8140162083600433
NCT04469595,NCT06079736,0.726147607639175
NCT04469595,NCT06185673,0.5800128312702028
NCT04469595,NCT06204809,0.7150859209160705
NCT04469595,NCT06255782,0.7300349251613493
NCT04469595,NCT06377930,0.6993635350852236
NCT04469595,NCT06601192,0.6908820571227049
NCT04469595,NCT06663137,0.7190834692906609
NCT04469595,NCT06736509,0.7962491124800417
NCT04469595,NCT05579249,0.7197219645105086
NCT04469595,NCT06034275,0.6127102106495371
NCT04469595,NCT05065411,0.6164747899660169
NCT04469595,NCT05424276,0.7410007033655711
NCT04469595,NCT04887298,0.5992534222750269
NCT04469595,NCT04073498,0.6948129361168897
NCT04469595,NCT03959527,0.7109107660971886
NCT04469595,NCT04469595,1.0000000000000007
NCT04469595,NCT04370054,0.780168056308225
NCT04370054,NCT03059992,0.5966536871520549
NCT04370054,NCT03257033,0.7719608285819515
NCT04370054,NCT03363841,0.765179961445149
NCT04370054,NCT03417102,0.7942734045863787
NCT04370054,NCT03425279,0.7437052572099568
NCT04370054,NCT03464019,0.8551934486246249
NCT04370054,NCT03504488,0.8189829216151427
NCT04370054,NCT04003467,0.6065594326937572
NCT04370054,NCT04153149,0.7625942406534624
NCT04370054,NCT04163185,0.7604828169753357
NCT04370054,NCT04180488,0.8732329888414283
NCT04370054,NCT04524273,0.7688428046096921
NCT04370054,NCT04544293,0.7417295372908856
NCT04370054,NCT05059223,0.7706814507979038
NCT04370054,NCT05085366,0.8689673829333058
NCT04370054,NCT05109091,0.8507113922748893
NCT04370054,NCT05208944,0.639800889455422
NCT04370054,NCT05291091,0.8733154161026345
NCT04370054,NCT05357950,0.6998738790076701
NCT04370054,NCT05481879,0.6813504088709178
NCT04370054,NCT05693142,0.6986131804580347
NCT04370054,NCT05696717,0.839925821517134
NCT04370054,NCT05731544,0.7420970033363473
NCT04370054,NCT06079736,0.6249353931235634
NCT04370054,NCT06185673,0.42020860376770447
NCT04370054,NCT06204809,0.6242799265481869
NCT04370054,NCT06255782,0.7433584535503159
NCT04370054,NCT06377930,0.6935811967430162
NCT04370054,NCT06601192,0.7517340465039187
NCT04370054,NCT06663137,0.6433584454491936
NCT04370054,NCT06736509,0.7349241476480456
NCT04370054,NCT05579249,0.7149986408679265
NCT04370054,NCT06034275,0.68936113658253
NCT04370054,NCT05065411,0.7055407483890247
NCT04370054,NCT05424276,0.6826603477139901
NCT04370054,NCT04887298,0.5815560267386864
NCT04370054,NCT04073498,0.7478467408666659
NCT04370054,NCT03959527,0.6927775080884611
NCT04370054,NCT04469595,0.780168056308225
NCT04370054,NCT04370054,1.0000000000000004
